source,target,label
13240,boog,Acting
16475,boog,Acting
1231,boog,Acting
4764,boog,Acting
69122,boog,Acting
1896,boog,Acting
1233,boog,Acting
3905,boog,Acting
11155,boog,Acting
40481,boog,Acting
4766,boog,Acting
25626,boog,Acting
10743,boog,Acting
74615,boog,Acting
658,boog,Acting
4492,boog,Acting
59874,boog,Acting
74252,boog,Acting
18657,boog,Acting
40468,boog,Acting
46921,boog,Acting
24435,boog,Acting
21633,boog,Acting
1748164,boog,Acting
42746,boog,Acting
20747,boog,Acting
1748148,boog,Acting
54428,boog,Acting
1748146,boog,Acting
1748147,boog,Acting
388569,boog,Acting
4171,boog,Acting
1652791,boog,Acting
177063,boog,Acting
1748149,boog,Acting
141573,boog,Acting
1411927,boog,Acting
1139130,boog,Acting
1748150,boog,Acting
1719106,boog,Acting
1748153,boog,Acting
1748155,boog,Acting
312,boog,Acting
1661084,boog,Acting
1748156,boog,Acting
1748157,boog,Acting
1717527,boog,Acting
75321,boog,Acting
62849,boog,Acting
1791767,boog,Acting
1748158,boog,Acting
1748162,boog,Acting
132095,boog,Acting
1734741,boog,Acting
1655495,boog,Acting
15800,boog,Acting
45297,boog,Acting
138182,boog,Acting
98365,boog,Acting
62590,boog,Acting
76314,boog,Acting
131413,boog,Acting
1748174,boog,Acting
1748175,boog,Acting
1488386,boog,Acting
33017,boog,Acting
1748176,boog,Acting
1748177,boog,Acting
1748178,boog,Acting
1537424,boog,Acting
157488,boog,Acting
1748179,boog,Acting
1025909,boog,Acting
1748115,boog,Acting
29214,boog,Acting
170645,boog,Acting
1748182,boog,Acting
1397694,boog,Acting
1748183,boog,Acting
1339220,boog,Acting
14390,boog,Acting
1748185,boog,Acting
1741701,boog,Acting
1748074,boog,Acting
1748186,boog,Acting
3769,boog,Acting
1383838,boog,Acting
103437,boog,Acting
1748187,boog,Acting
1748188,boog,Acting
1521517,boog,Acting
1748189,boog,Acting
1748190,boog,Acting
1036299,boog,Acting
1748191,boog,Acting
1748193,boog,Acting
1809,boog,Editing
40468,boog,Sound
2950,boog,Camera
4762,boog,Directing
1227,boog,Production
40471,boog,Costume & Make-Up
1993,boog,Production
4770,boog,Production
4762,boog,Production
1093,boog,Production
4762,boog,Writing
1724709,boog,Crew
2890828,boog,Crew
33017,boog,Crew
15434,boog,Crew
4768,boog,Production
4769,boog,Production
1492644,boog,Directing
1733130,boog,Directing
4769,boog,Production
41899,boog,Production
1336061,boog,Production
3258820,boog,Production
3259296,boog,Lighting
1113494,boog,Lighting
2519622,boog,Art
16470,boog,Costume & Make-Up
22077,boog,Production
2311834,boog,Art
1342669,boog,Directing
1930181,boog,Camera
1552009,boog,Camera
2055207,boog,Sound
2071624,boog,Camera
1851738,boog,Costume & Make-Up
2200035,boog,Lighting
2193896,boog,Camera
3259320,boog,Camera
1336060,boog,Production
1393449,boog,Camera
3251214,boog,Camera
59473,boog,Editing
1429530,boog,Sound
3259287,boog,Lighting
1877907,boog,Editing
3259268,boog,Sound
1364400,boog,Costume & Make-Up
2890712,boog,Costume & Make-Up
1791930,boog,Camera
3259333,boog,Art
1481282,boog,Art
1549272,boog,Costume & Make-Up
3259265,boog,Crew
3259291,boog,Lighting
1521517,boog,Costume & Make-Up
2046843,boog,Production
58194,boog,Editing
91133,boog,Crew
12775,boog,Production
1393449,boog,Camera
1792877,boog,Camera
1987490,boog,Art
1851733,boog,Art
1463749,boog,Lighting
1783637,boog,Art
1552190,boog,Editing
2263303,boog,Camera
1851736,boog,Art
3259352,boog,Costume & Make-Up
1231682,boog,Lighting
3259284,boog,Lighting
3259289,boog,Lighting
1886656,boog,Costume & Make-Up
3259354,boog,Costume & Make-Up
587803,boog,Costume & Make-Up
1792888,boog,Camera
1773829,boog,Production
4772,boog,Production
1548082,boog,Costume & Make-Up
1556518,boog,Costume & Make-Up
1400877,boog,Costume & Make-Up
3259339,boog,Art
3259771,boog,Costume & Make-Up
1547229,boog,Costume & Make-Up
554037,boog,Production
3259818,boog,Art
3259843,boog,Production
3259833,boog,Art
1773855,boog,Art
3260336,boog,Crew
51709,boog,Production
1791946,boog,Production
1759316,boog,Production
1934824,boog,Crew
2084671,boog,Directing
3259841,boog,Production
66490,boog,Production
3259825,boog,Art
3260334,boog,Crew
1732494,boog,Art
3261436,boog,Production
3261441,boog,Production
3261442,boog,Production
3261443,boog,Production
3261459,boog,Sound
173146,boog,Sound
91088,boog,Sound
1462842,boog,Sound
1341783,boog,Sound
1677824,boog,Sound
1699153,boog,Sound
3117647,boog,Sound
548430,boog,Sound
230436,boog,Production
91091,boog,Sound
91086,boog,Sound
3261450,boog,Production
1389570,boog,Sound
2610428,boog,Production
2045920,boog,Sound
1719415,boog,Sound
1754887,boog,Sound
577620,boog,Sound
1380477,boog,Sound
91093,boog,Sound
1756519,boog,Sound
91081,boog,Sound
31465,boog,Crew
3261963,boog,Crew
15434,boog,Visual Effects
3261965,boog,Crew
3261943,boog,Crew
1191308,boog,Crew
11419,boog,Costume & Make-Up
1532749,boog,Crew
107372,boog,Costume & Make-Up
59287,boog,Costume & Make-Up
2083999,boog,Crew
1647465,boog,Crew
1546563,boog,Crew
1391383,boog,Art
3262952,boog,Crew
3108827,boog,Crew
3262930,boog,Crew
2821291,boog,Crew
2443347,boog,Art
3262928,boog,Art
3262933,boog,Crew
1862932,boog,Crew
1681360,boog,Crew
3262974,boog,Crew
3262973,boog,Crew
92490,boog,Crew
1866406,boog,Crew
13223,boog,Editing
16500,boog,Crew
1280234,boog,Crew
3281497,boog,Art
1929310,boog,Crew
1552188,boog,Editing
1437861,boog,Crew
1966297,boog,Crew
175600,boog,Crew
3281499,boog,Art
1983101,boog,Crew
982374,boog,Crew
1511063,boog,Sound
3281508,boog,Crew
3281512,boog,Sound
3281496,boog,Art
1552521,boog,Crew
92500,boog,Crew
21674,boog,Art
15427,boog,Art
1530164,boog,Sound
23653,boog,Production
6940,boog,Sound
20739,boog,Crew
2148423,boog,Crew
1446659,boog,Sound
2110467,boog,Sound
1049324,boog,Sound
9349,boog,Sound
83087,boog,Sound
2030440,boog,Sound
1406614,boog,Sound
1328380,boog,Costume & Make-Up
1423989,boog,Art
42638,boog,Sound
15428,boog,Art
4767,boog,Production
1435655,boog,Crew
2203789,boog,Sound
91147,boog,Sound
4492,hard,Acting
4764,hard,Acting
12052,hard,Acting
2231,hard,Acting
9297,hard,Acting
1233,hard,Acting
1336042,hard,Acting
1336043,hard,Acting
25626,hard,Acting
1336044,hard,Acting
1336045,hard,Acting
1336046,hard,Acting
1336047,hard,Acting
3498749,hard,Acting
4766,hard,Acting
1336049,hard,Acting
1336050,hard,Acting
1336051,hard,Acting
1336053,hard,Acting
1336054,hard,Acting
158126,hard,Acting
1336055,hard,Acting
1336056,hard,Acting
1336057,hard,Acting
1216544,hard,Acting
41677,hard,Acting
1139130,hard,Acting
4762,hard,Directing
4584,hard,Production
312,hard,Sound
40468,hard,Sound
2950,hard,Camera
53685,hard,Editing
9038,hard,Production
9037,hard,Production
4769,hard,Production
1227,hard,Production
1336058,hard,Production
65115,hard,Production
958214,hard,Art
957804,hard,Art
1336059,hard,Art
40471,hard,Costume & Make-Up
1336061,hard,Production
23653,hard,Production
1841285,hard,Art
500199,hard,Art
1336060,hard,Production
1567673,hard,Camera
1469339,hard,Directing
1555637,hard,Sound
1519818,hard,Sound
2115859,hard,Crew
2944948,hard,Crew
4028286,hard,Crew
4028287,hard,Production
1352983,hard,Production
4028291,hard,Crew
1748188,hard,Production
2923523,hard,Production
4028295,hard,Production
4028297,hard,Crew
4028299,hard,Crew
1978738,hard,Crew
4028303,hard,Crew
3188112,hard,Crew
122582,hard,Crew
986403,hard,Crew
4028309,hard,Crew
1546823,hard,Costume & Make-Up
1546823,hard,Costume & Make-Up
3820340,hard,Costume & Make-Up
3820340,hard,Costume & Make-Up
1610255,hard,Directing
2630985,hard,Directing
3347068,hard,Directing
1530849,hard,Art
4028221,hard,Art
3853076,hard,Art
4028224,hard,Crew
4028226,hard,Crew
4028227,hard,Art
4028230,hard,Art
4028232,hard,Crew
1851738,hard,Art
4028236,hard,Art
4028240,hard,Art
4028243,hard,Crew
1748175,hard,Crew
15434,hard,Crew
1409220,hard,Sound
2552281,hard,Sound
4028250,hard,Sound
2688096,hard,Sound
1398178,hard,Sound
1398178,hard,Sound
1970189,hard,Sound
1437861,hard,Crew
1161231,hard,Crew
1302193,hard,Sound
1340323,hard,Sound
1338134,hard,Sound
1511063,hard,Sound
1340335,hard,Sound
9555,hard,Sound
3415177,hard,Production
2023126,hard,Lighting
2204132,hard,Lighting
4028265,hard,Lighting
4028267,hard,Camera
1552009,hard,Camera
2103725,hard,Lighting
3251214,hard,Camera
1393449,hard,Camera
1648095,hard,Lighting
2673334,hard,Camera
4028269,hard,Lighting
4028270,hard,Costume & Make-Up
4028271,hard,Costume & Make-Up
2548368,hard,Editing
4028273,hard,Editing
58194,hard,Crew
1550370,hard,Editing
59473,hard,Crew
1809,hard,Production
1965874,hard,Editing
4028275,hard,Production
1812746,hard,Production
2000503,hard,Sound
1043374,hard,Sound
2371881,hard,Sound
1130235,hard,Sound
4028277,hard,Sound
1340319,hard,Sound
1340321,hard,Sound
1415107,hard,Sound
1341403,hard,Sound
2057086,hard,Sound
85960,hard,Sound
1043358,hard,Sound
1552188,hard,Editing
1899435,hard,Editing
1397737,hard,Crew
2443485,hard,Crew
2443480,hard,Crew
2203724,hard,Crew
1708344,hard,Camera
2278018,hard,Camera
2299204,hard,Camera
2278017,hard,Camera
1139130,hard,Camera
1717527,hard,Camera
2443494,hard,Art
1622113,hard,Lighting
1940589,hard,Lighting
9385,hard,Sound
4762,hard,Writing
73421,inhe,Acting
16851,inhe,Acting
887,inhe,Acting
77795,inhe,Acting
368,inhe,Acting
1121,inhe,Acting
20089,inhe,Acting
1412012,inhe,Acting
1505839,inhe,Acting
1360317,inhe,Acting
124377,inhe,Acting
52792,inhe,Acting
39390,inhe,Acting
519,inhe,Acting
62168,inhe,Acting
42993,inhe,Acting
21315,inhe,Acting
10780,inhe,Acting
6446,inhe,Acting
65727,inhe,Acting
1181329,inhe,Acting
1226302,inhe,Acting
1270556,inhe,Acting
1355100,inhe,Acting
91657,inhe,Acting
1339929,inhe,Acting
1505840,inhe,Acting
573817,inhe,Acting
1505841,inhe,Acting
1505842,inhe,Acting
12311,inhe,Acting
4218340,inhe,Acting
76575,inhe,Acting
1463282,inhe,Acting
123791,inhe,Acting
85779,inhe,Acting
521563,inhe,Acting
1505844,inhe,Acting
1505845,inhe,Acting
184296,inhe,Acting
1505846,inhe,Acting
1505847,inhe,Acting
1505848,inhe,Acting
78890,inhe,Acting
1197519,inhe,Acting
1798968,inhe,Acting
19489,inhe,Acting
1505849,inhe,Acting
952336,inhe,Acting
1320470,inhe,Acting
1883507,inhe,Acting
1883509,inhe,Acting
1734689,inhe,Acting
183814,inhe,Acting
1811937,inhe,Acting
230060,inhe,Acting
968089,inhe,Acting
1883511,inhe,Acting
1883514,inhe,Acting
1883517,inhe,Acting
1564312,inhe,Acting
1379512,inhe,Acting
1883518,inhe,Acting
1483053,inhe,Acting
1843396,inhe,Acting
1111163,inhe,Acting
1842092,inhe,Acting
1650638,inhe,Acting
1883526,inhe,Acting
1723635,inhe,Acting
1717621,inhe,Acting
1278371,inhe,Acting
1883528,inhe,Acting
1883529,inhe,Acting
227474,inhe,Acting
1883532,inhe,Acting
1424380,inhe,Acting
1780582,inhe,Acting
1298706,inhe,Acting
1318344,inhe,Acting
228458,inhe,Acting
1883536,inhe,Acting
1883537,inhe,Acting
1286539,inhe,Acting
1883546,inhe,Acting
1513215,inhe,Acting
1883548,inhe,Acting
1337068,inhe,Acting
1883552,inhe,Acting
1883557,inhe,Acting
1883559,inhe,Acting
1306640,inhe,Acting
1280500,inhe,Acting
1883561,inhe,Acting
1777030,inhe,Acting
1883562,inhe,Acting
74510,inhe,Acting
1833726,inhe,Acting
1451923,inhe,Acting
1296832,inhe,Acting
1498978,inhe,Sound
1754420,inhe,Art
2156318,inhe,Art
1860323,inhe,Directing
2254796,inhe,Camera
3063800,inhe,Art
1341414,inhe,Sound
1634415,inhe,Art
1760567,inhe,Camera
4769,inhe,Production
1129481,inhe,Lighting
1531865,inhe,Crew
1242704,inhe,Art
1556632,inhe,Sound
2458180,inhe,Art
1016909,inhe,Sound
1102140,inhe,Directing
1485588,inhe,Camera
1616395,inhe,Camera
1673973,inhe,Art
3063843,inhe,Camera
3063788,inhe,Art
1463287,inhe,Directing
1111425,inhe,Camera
1452675,inhe,Camera
12572,inhe,Art
2948894,inhe,Art
554037,inhe,Production
2045382,inhe,Lighting
1546442,inhe,Sound
3063783,inhe,Production
1003244,inhe,Production
1517940,inhe,Editing
1763793,inhe,Sound
1400535,inhe,Camera
1802585,inhe,Camera
1435657,inhe,Lighting
1547331,inhe,Art
1791930,inhe,Camera
1417399,inhe,Costume & Make-Up
1452643,inhe,Costume & Make-Up
1754418,inhe,Production
2373371,inhe,Costume & Make-Up
1400906,inhe,Sound
1389534,inhe,Sound
1547330,inhe,Crew
1457835,inhe,Costume & Make-Up
1425899,inhe,Costume & Make-Up
1352425,inhe,Sound
1195433,inhe,Crew
1789930,inhe,Crew
1327146,inhe,Costume & Make-Up
1976191,inhe,Sound
1414886,inhe,Sound
42157,inhe,Crew
1235786,inhe,Sound
1547323,inhe,Sound
1388864,inhe,Sound
1571058,inhe,Sound
71536,inhe,Sound
2305607,inhe,Production
2215014,inhe,Production
1414537,inhe,Costume & Make-Up
1733132,inhe,Editing
1777237,inhe,Crew
1400906,inhe,Sound
1787838,inhe,Costume & Make-Up
1411522,inhe,Sound
1571058,inhe,Sound
1594923,inhe,Crew
1548684,inhe,Editing
2116382,inhe,Production
4188404,inhe,Crew
3372842,inhe,Crew
4188400,inhe,Crew
4188407,inhe,Crew
4762,inhe,Directing
4762,inhe,Production
4769,inhe,Production
4770,inhe,Production
958921,inhe,Art
4772,inhe,Production
21591,inhe,Art
40471,inhe,Costume & Make-Up
74333,inhe,Sound
53683,inhe,Editing
1299194,inhe,Art
2950,inhe,Camera
1102140,inhe,Production
2695425,inhe,Visual Effects
1373432,inhe,Visual Effects
1373433,inhe,Visual Effects
1223649,inhe,Writing
4762,inhe,Writing
1046160,inhe,Production
1442207,inhe,Production
9568,inhe,Crew
83093,inhe,Crew
1221121,inhe,Crew
1217851,inhe,Crew
2520434,inhe,Crew
1635204,inhe,Crew
1622657,inhe,Crew
589961,inhe,Crew
1683371,inhe,Crew
1551776,inhe,Crew
2027735,inhe,Crew
1400906,inhe,Sound
1533037,inhe,Directing
1535737,inhe,Production
17863,inhe,Sound
1003244,inhe,Production
1339432,inhe,Crew
1733133,inhe,Production
2997,inhe,Production
1451219,inhe,Production
23550,inhe,Costume & Make-Up
1417865,inhe,Costume & Make-Up
1773749,inhe,Lighting
1741367,lico,Acting
2764542,lico,Acting
2228,lico,Acting
2887,lico,Acting
51329,lico,Acting
227564,lico,Acting
61263,lico,Acting
139309,lico,Acting
8265,lico,Acting
4003,lico,Acting
538,lico,Acting
33528,lico,Acting
1741368,lico,Acting
1741366,lico,Acting
3334740,lico,Acting
3334741,lico,Acting
52792,lico,Acting
1705236,lico,Acting
3029979,lico,Acting
3159120,lico,Acting
2281194,lico,Acting
2354448,lico,Acting
1877835,lico,Acting
1656863,lico,Acting
968089,lico,Acting
1502452,lico,Acting
3235986,lico,Acting
1774266,lico,Acting
1185053,lico,Acting
3334744,lico,Acting
3334748,lico,Acting
3334749,lico,Acting
183519,lico,Acting
1738122,lico,Acting
1759243,lico,Acting
3118531,lico,Acting
1661084,lico,Acting
60960,lico,Acting
2621301,lico,Acting
3372842,lico,Acting
1210997,lico,Acting
1639053,lico,Acting
4188329,lico,Acting
4188330,lico,Acting
4188331,lico,Acting
8700,lico,Acting
4188334,lico,Acting
4188335,lico,Acting
4188336,lico,Acting
1532306,lico,Acting
1102140,lico,Acting
1983914,lico,Acting
131933,lico,Acting
1053402,lico,Acting
4188351,lico,Acting
4188353,lico,Acting
4188357,lico,Acting
4188359,lico,Acting
1397857,lico,Acting
4188364,lico,Acting
4188367,lico,Acting
4188371,lico,Acting
4188379,lico,Acting
4188381,lico,Acting
4188383,lico,Acting
4188385,lico,Acting
4188386,lico,Acting
4188387,lico,Acting
4188388,lico,Acting
3397449,lico,Acting
1819401,lico,Acting
1860323,lico,Acting
4188391,lico,Acting
4188392,lico,Acting
4188399,lico,Acting
4188400,lico,Acting
4188404,lico,Acting
4188407,lico,Acting
4188409,lico,Acting
4188411,lico,Acting
4188412,lico,Acting
4188413,lico,Acting
4188415,lico,Acting
4188416,lico,Acting
4188417,lico,Acting
4188418,lico,Acting
4188419,lico,Acting
4188420,lico,Acting
4188421,lico,Acting
3553650,lico,Acting
3553647,lico,Acting
1197519,lico,Acting
448309,lico,Acting
4188423,lico,Acting
4188424,lico,Acting
1665846,lico,Acting
2233104,lico,Acting
1521075,lico,Acting
1505845,lico,Acting
3118524,lico,Acting
3504112,lico,Acting
1709422,lico,Acting
3118541,lico,Acting
2591391,lico,Acting
2589977,lico,Acting
3150547,lico,Acting
4188439,lico,Acting
4188442,lico,Acting
4188444,lico,Acting
1832132,lico,Acting
1323379,lico,Acting
4188449,lico,Acting
4188451,lico,Acting
4188452,lico,Acting
4188453,lico,Acting
4188454,lico,Acting
4188455,lico,Acting
4188456,lico,Acting
4188458,lico,Acting
4188459,lico,Acting
2949654,lico,Acting
4188461,lico,Acting
4188462,lico,Acting
4188463,lico,Acting
4188464,lico,Acting
4188465,lico,Acting
4188466,lico,Acting
4188467,lico,Acting
4188469,lico,Acting
1403146,lico,Acting
4188472,lico,Acting
4188473,lico,Acting
4772,lico,Acting
933335,lico,Acting
4188475,lico,Acting
4188477,lico,Acting
2425245,lico,Acting
1536514,lico,Acting
2756453,lico,Acting
4188480,lico,Acting
4188481,lico,Acting
3344999,lico,Acting
4188487,lico,Acting
1978834,lico,Acting
1733133,lico,Acting
4188492,lico,Acting
1436196,lico,Acting
1351363,lico,Acting
4188498,lico,Acting
4188501,lico,Acting
162609,lico,Acting
1215068,lico,Acting
4188509,lico,Acting
3851959,lico,Acting
4188512,lico,Acting
1175676,lico,Acting
4188514,lico,Acting
4188517,lico,Acting
4188519,lico,Acting
4188521,lico,Acting
4188522,lico,Acting
4188523,lico,Acting
2752202,lico,Acting
4188525,lico,Acting
4188527,lico,Acting
4165964,lico,Acting
4188529,lico,Acting
1945089,lico,Acting
4188534,lico,Acting
4188535,lico,Acting
4188536,lico,Acting
3990153,lico,Acting
4188541,lico,Acting
4091183,lico,Acting
4091172,lico,Acting
4188549,lico,Acting
4188550,lico,Acting
4188553,lico,Acting
4188554,lico,Acting
4188558,lico,Acting
4188182,lico,Acting
2816552,lico,Acting
3118530,lico,Acting
2573644,lico,Acting
2882010,lico,Acting
559644,lico,Acting
3118542,lico,Acting
2910038,lico,Acting
1542318,lico,Acting
2581752,lico,Acting
1508651,lico,Acting
202930,lico,Acting
4764,lico,Acting
3118535,lico,Acting
2407665,lico,Acting
1578406,lico,Acting
2905434,lico,Acting
4762,lico,Camera
1571003,lico,Art
1236222,lico,Production
1102140,lico,Production
1842256,lico,Costume & Make-Up
1525544,lico,Costume & Make-Up
2347816,lico,Art
1435638,lico,Costume & Make-Up
1860323,lico,Directing
2624298,lico,Directing
2719963,lico,Art
1874521,lico,Art
1547749,lico,Costume & Make-Up
1102140,lico,Directing
2252484,lico,Art
1532617,lico,Art
2551690,lico,Art
2273659,lico,Art
1547041,lico,Sound
1375907,lico,Costume & Make-Up
1427790,lico,Art
2541798,lico,Art
1463404,lico,Crew
1826530,lico,Crew
1360761,lico,Art
562696,lico,Art
3118555,lico,Art
1352964,lico,Art
2488165,lico,Directing
3118544,lico,Directing
3026394,lico,Art
2976403,lico,Art
1522736,lico,Art
1686958,lico,Sound
1893549,lico,Art
2860458,lico,Crew
18689,lico,Production
1594905,lico,Art
1389609,lico,Costume & Make-Up
1733133,lico,Production
3118554,lico,Art
1444909,lico,Costume & Make-Up
2128481,lico,Art
2153815,lico,Art
1695270,lico,Lighting
1403414,lico,Camera
2682619,lico,Crew
83093,lico,Crew
3118560,lico,Camera
1391698,lico,Crew
3118562,lico,Crew
1548683,lico,Crew
2999896,lico,Camera
1414554,lico,Crew
2258649,lico,Crew
2272449,lico,Crew
1324652,lico,Camera
1651209,lico,Lighting
2733868,lico,Crew
1517283,lico,Crew
1400535,lico,Camera
1648024,lico,Lighting
2805457,lico,Camera
2969803,lico,Lighting
1616395,lico,Camera
1551349,lico,Crew
1517283,lico,Crew
1995965,lico,Lighting
1634442,lico,Crew
1802585,lico,Lighting
1524222,lico,Lighting
3118564,lico,Lighting
2236476,lico,Costume & Make-Up
1965874,lico,Editing
1789929,lico,Crew
2701730,lico,Production
2047531,lico,Production
3118586,lico,Crew
2092917,lico,Production
1634525,lico,Production
3118578,lico,Production
3118531,lico,Production
3118590,lico,Crew
3118593,lico,Production
2494667,lico,Crew
1397857,lico,Crew
2116382,lico,Production
1778262,lico,Production
3118572,lico,Costume & Make-Up
2822164,lico,Crew
3118589,lico,Production
1462589,lico,Costume & Make-Up
1491977,lico,Costume & Make-Up
3029650,lico,Crew
1651247,lico,Production
2582912,lico,Production
2080037,lico,Costume & Make-Up
3118574,lico,Production
2601402,lico,Costume & Make-Up
1760556,lico,Costume & Make-Up
933105,lico,Editing
2810459,lico,Editing
2216663,lico,Production
3118592,lico,Crew
1594923,lico,Crew
1533037,lico,Directing
3118595,lico,Production
2969828,lico,Production
1789930,lico,Crew
1462925,lico,Costume & Make-Up
186605,lico,Production
2066286,lico,Editing
2142505,lico,Production
2142644,lico,Production
3118588,lico,Production
1129481,lico,Lighting
2040723,lico,Production
3118568,lico,Costume & Make-Up
1938922,lico,Costume & Make-Up
3118583,lico,Production
2080053,lico,Production
1819029,lico,Costume & Make-Up
4762,lico,Writing
1669139,lico,Sound
74333,lico,Sound
3085927,lico,Visual Effects
1388469,lico,Production
1235786,lico,Sound
2195801,lico,Visual Effects
1116278,lico,Production
1235786,lico,Sound
1400906,lico,Sound
1435657,lico,Camera
1517940,lico,Editing
1864591,lico,Costume & Make-Up
2351729,lico,Crew
200402,lico,Crew
3559994,lico,Crew
2805264,lico,Crew
1517283,lico,Crew
3245756,lico,Crew
1291797,lico,Crew
1635204,lico,Crew
1538232,lico,Crew
95698,lico,Crew
202930,lico,Crew
1578406,lico,Crew
1217851,lico,Crew
1660435,lico,Crew
557528,lico,Sound
2910975,lico,Sound
1341414,lico,Sound
1756237,lico,Sound
1412985,lico,Sound
4772,lico,Production
1543672,lico,Sound
71536,lico,Sound
1571058,lico,Sound
35546,lico,Crew
1485588,lico,Camera
1378610,lico,Crew
1393446,lico,Visual Effects
4762,lico,Directing
4762,lico,Production
2753655,lico,Production
1125573,lico,Art
1849421,lico,Art
40471,lico,Costume & Make-Up
4961877,lico,Camera
2075766,lico,Camera
1111425,lico,Camera
4961887,lico,Camera
4961887,lico,Camera
2080032,lico,Camera
4961894,lico,Art
4961895,lico,Art
3808398,lico,Art
1643717,lico,Art
1684306,lico,Art
2156318,lico,Art
3034897,lico,Art
2971588,lico,Art
4961913,lico,Art
2075012,lico,Art
2976400,lico,Art
1789912,lico,Art
1427379,lico,Lighting
2445882,lico,Lighting
2832073,lico,Lighting
2091374,lico,Lighting
1795426,lico,Lighting
2116342,lico,Lighting
4961922,lico,Lighting
1354457,lico,Lighting
2901678,lico,Camera
1791930,lico,Camera
4961939,lico,Camera
4961932,lico,Camera
4961942,lico,Camera
1832416,lico,Camera
2200689,lico,Camera
2999897,lico,Lighting
1585165,lico,Lighting
2999896,lico,Lighting
4961944,lico,Lighting
4961948,lico,Lighting
4961953,lico,Lighting
1435644,lico,Visual Effects
4961956,lico,Crew
2272449,lico,Crew
83093,lico,Crew
587803,lico,Costume & Make-Up
3118567,lico,Costume & Make-Up
1324827,lico,Costume & Make-Up
1401812,lico,Costume & Make-Up
1401814,lico,Costume & Make-Up
1755102,lico,Costume & Make-Up
4961960,lico,Costume & Make-Up
1547749,lico,Costume & Make-Up
1401606,lico,Costume & Make-Up
1766006,lico,Costume & Make-Up
4961962,lico,Production
4961963,lico,Production
2154385,lico,Production
3349813,lico,Production
3118597,lico,Production
2816109,lico,Production
3118596,lico,Production
4961969,lico,Production
2097572,lico,Art
1532617,lico,Crew
98542,lico,Crew
4961970,lico,Crew
2950217,lico,Crew
1852722,lico,Crew
4961971,lico,Crew
1852727,lico,Crew
4961973,lico,Crew
4961975,lico,Crew
4188439,lico,Crew
4961976,lico,Production
2155421,lico,Crew
1756519,lico,Sound
2932438,lico,Sound
1085032,lico,Sound
17863,lico,Sound
1547323,lico,Sound
74333,lico,Sound
1547323,lico,Sound
4961979,lico,Art
1733132,lico,Editing
3361695,lico,Production
3118587,lico,Crew
4770,lico,Production
4769,lico,Production
18689,lico,Production
1339432,lico,Crew
59874,lico,Crew
1599618,lico,Crew
107372,lico,Crew
14333,lico,Crew
5397103,lico,Crew
5397104,lico,Crew
4838360,lico,Crew
4555900,lico,Crew
5397106,lico,Crew
2999904,lico,Crew
14837,lico,Crew
92180,lico,Crew
5397114,lico,Crew
4532078,lico,Crew
5378,lico,Crew
4767,lico,Crew
5397116,lico,Crew
29401,lico,Crew
4188444,lico,Crew
5397119,lico,Crew
4261505,lico,Crew
27098,lico,Crew
500,magn,Acting
4492,magn,Acting
1233,magn,Acting
1231,magn,Acting
3905,magn,Acting
4764,magn,Acting
4766,magn,Acting
4779,magn,Acting
4765,magn,Acting
4778,magn,Acting
2234,magn,Acting
10691,magn,Acting
10743,magn,Acting
4777,magn,Acting
60846,magn,Acting
1591432,magn,Acting
1403146,magn,Acting
43776,magn,Acting
155560,magn,Acting
33017,magn,Acting
10872,magn,Acting
4028382,magn,Acting
65732,magn,Acting
30697,magn,Acting
1387252,magn,Acting
54694,magn,Acting
3322089,magn,Acting
3322090,magn,Acting
1226126,magn,Acting
1717527,magn,Acting
159394,magn,Acting
11155,magn,Acting
1745677,magn,Acting
4028396,magn,Acting
98365,magn,Acting
1748153,magn,Acting
94560,magn,Acting
1139130,magn,Acting
1893954,magn,Acting
2083746,magn,Acting
1546442,magn,Acting
7574,magn,Acting
79025,magn,Acting
9291,magn,Acting
177063,magn,Acting
936924,magn,Acting
54711,magn,Acting
34840,magn,Acting
658,magn,Acting
4028416,magn,Acting
58538,magn,Acting
87714,magn,Acting
1226133,magn,Acting
3322101,magn,Acting
7427,magn,Acting
1789510,magn,Acting
4060606,magn,Acting
3322107,magn,Acting
3322108,magn,Acting
3322109,magn,Acting
2214977,magn,Acting
109066,magn,Acting
4028428,magn,Acting
12543,magn,Acting
82988,magn,Acting
1652791,magn,Acting
40481,magn,Acting
2371881,magn,Acting
18270,magn,Acting
1149138,magn,Acting
2448486,magn,Acting
189160,magn,Acting
19439,magn,Acting
1887202,magn,Acting
149834,magn,Acting
9048,magn,Acting
154821,magn,Acting
98215,magn,Acting
3322116,magn,Acting
1219029,magn,Acting
25884,magn,Acting
29862,magn,Acting
59285,magn,Acting
3322118,magn,Acting
4776,magn,Acting
59874,magn,Acting
15338,magn,Acting
3931057,magn,Acting
4028442,magn,Acting
4028445,magn,Acting
1934824,magn,Acting
101231,magn,Acting
4060649,magn,Acting
1530091,magn,Acting
177645,magn,Acting
1190639,magn,Acting
4762,magn,Acting
6199,magn,Acting
2301446,magn,Acting
222658,magn,Acting
1383838,magn,Acting
2041479,magn,Acting
3981300,magn,Acting
1474719,magn,Acting
94561,magn,Acting
2666286,magn,Acting
1661084,magn,Acting
1091366,magn,Acting
4771,magn,Acting
158097,magn,Acting
4032607,magn,Acting
4459356,magn,Acting
553735,magn,Acting
215486,magn,Crew
2950,magn,Camera
21747,magn,Art
41082,magn,Art
40471,magn,Costume & Make-Up
4770,magn,Production
4768,magn,Production
312,magn,Sound
1809,magn,Editing
4762,magn,Directing
4772,magn,Production
4771,magn,Sound
40471,magn,Art
4762,magn,Production
4767,magn,Production
4762,magn,Writing
1809,magn,Production
4769,magn,Production
3606169,magn,Directing
1395276,magn,Camera
4769,magn,Production
91133,magn,Crew
1194472,magn,Lighting
41899,magn,Production
1418395,magn,Visual Effects
1733130,magn,Directing
22077,magn,Production
3251214,magn,Camera
29210,magn,Production
2153960,magn,Camera
1485578,magn,Camera
1824569,magn,Camera
130533,magn,Camera
1397731,magn,Camera
1534468,magn,Lighting
1415333,magn,Costume & Make-Up
1249773,magn,Costume & Make-Up
1428582,magn,Costume & Make-Up
548408,magn,Costume & Make-Up
1533066,magn,Costume & Make-Up
1336061,magn,Production
1411293,magn,Camera
1352983,magn,Directing
91147,magn,Sound
67695,magn,Sound
1378228,magn,Sound
4064,magn,Crew
1378828,magn,Sound
1378226,magn,Sound
1399996,magn,Sound
1341403,magn,Sound
1559546,magn,Art
1341403,magn,Sound
1360100,magn,Sound
1279727,magn,Crew
1364400,magn,Costume & Make-Up
1730506,magn,Costume & Make-Up
1549655,magn,Costume & Make-Up
1398118,magn,Art
228254,magn,Costume & Make-Up
1336060,magn,Production
1858338,magn,Art
83072,magn,Art
2199569,magn,Art
1886656,magn,Costume & Make-Up
2070276,magn,Costume & Make-Up
4028483,magn,Crew
4028482,magn,Production
75375,magn,Costume & Make-Up
1621232,magn,Crew
2252499,magn,Art
4028484,magn,Crew
3108827,magn,Crew
4028478,magn,Directing
1447582,magn,Art
2241233,magn,Art
90148,magn,Sound
1303183,magn,Sound
7234,magn,Art
4028515,magn,Art
1556312,magn,Production
1851738,magn,Art
1546875,magn,Sound
8157,magn,Sound
1398947,magn,Sound
1338372,magn,Sound
1425486,magn,Crew
1319526,magn,Crew
4028510,magn,Art
4028498,magn,Crew
4028505,magn,Art
4028507,magn,Art
1894583,magn,Art
1564250,magn,Sound
4028502,magn,Crew
2054307,magn,Crew
1453281,magn,Sound
4028494,magn,Crew
1367493,magn,Sound
1438573,magn,Sound
1621224,magn,Art
2150316,magn,Crew
2510168,magn,Costume & Make-Up
6446,magn,Costume & Make-Up
4028486,magn,Crew
4028488,magn,Crew
4028501,magn,Art
1651081,magn,Art
4028485,magn,Crew
4028495,magn,Art
1688590,magn,Art
1357058,magn,Art
83084,magn,Sound
3228917,magn,Sound
1942761,magn,Art
4028496,magn,Art
4028512,magn,Crew
1994224,magn,Sound
2548345,magn,Sound
1341414,magn,Sound
1400556,magn,Sound
1933987,magn,Crew
2313763,magn,Crew
4028575,magn,Crew
1576387,magn,Crew
1423000,magn,Crew
2066925,magn,Crew
1656429,magn,Crew
2242504,magn,Crew
143913,magn,Sound
1447602,magn,Sound
2127275,magn,Sound
4028582,magn,Crew
1414540,magn,Crew
4028605,magn,Crew
1673534,magn,Crew
1447601,magn,Sound
2150323,magn,Crew
3261943,magn,Crew
15434,magn,Visual Effects
1463405,magn,Crew
2274734,magn,Crew
1589185,magn,Crew
2051143,magn,Crew
2131188,magn,Crew
1532749,magn,Crew
2945272,magn,Crew
1367524,magn,Visual Effects
1635189,magn,Crew
1341810,magn,Crew
2125111,magn,Crew
1753324,magn,Crew
4028610,magn,Crew
2752065,magn,Crew
1724241,magn,Crew
4028644,magn,Crew
1331891,magn,Art
1996037,magn,Crew
78009,magn,Visual Effects
1463475,magn,Visual Effects
1417977,magn,Visual Effects
2134464,magn,Visual Effects
1401722,magn,Visual Effects
1511736,magn,Crew
1415488,magn,Visual Effects
1769470,magn,Visual Effects
1386913,magn,Crew
1957599,magn,Visual Effects
2198708,magn,Visual Effects
4028690,magn,Visual Effects
2012416,magn,Visual Effects
4028657,magn,Crew
2156072,magn,Visual Effects
2134292,magn,Visual Effects
4028697,magn,Art
4028700,magn,Visual Effects
2006867,magn,Visual Effects
1537108,magn,Visual Effects
1567973,magn,Crew
1573432,magn,Visual Effects
4028679,magn,Visual Effects
1336715,magn,Visual Effects
1401728,magn,Visual Effects
1712104,magn,Visual Effects
2672202,magn,Visual Effects
1634733,magn,Visual Effects
1424134,magn,Visual Effects
1401108,magn,Crew
1640909,magn,Visual Effects
2332292,magn,Visual Effects
4028693,magn,Visual Effects
1549637,magn,Crew
4034894,magn,Costume & Make-Up
2066936,magn,Crew
1636662,magn,Crew
2006725,magn,Visual Effects
4028655,magn,Crew
1401105,magn,Crew
4028687,magn,Visual Effects
1434471,magn,Visual Effects
2102473,magn,Visual Effects
4028673,magn,Visual Effects
2011326,magn,Visual Effects
2215137,magn,Costume & Make-Up
1401893,magn,Crew
2156040,magn,Crew
1619096,magn,Visual Effects
4028688,magn,Visual Effects
2844138,magn,Crew
33017,magn,Crew
2551293,magn,Crew
1530091,magn,Crew
9569,magn,Crew
1534522,magn,Camera
3239697,magn,Visual Effects
1684382,magn,Lighting
1832428,magn,Lighting
4028712,magn,Lighting
100255,magn,Camera
3259771,magn,Costume & Make-Up
2264830,magn,Camera
18133,magn,Costume & Make-Up
1401791,magn,Editing
2247973,magn,Production
1536631,magn,Lighting
2005419,magn,Lighting
4607,magn,Crew
999690,magn,Crew
1535123,magn,Crew
1965915,magn,Lighting
2862003,magn,Lighting
1867129,magn,Lighting
1400347,magn,Camera
562671,magn,Camera
3832202,magn,Visual Effects
4028701,magn,Visual Effects
92484,magn,Crew
2554307,magn,Visual Effects
2262170,magn,Camera
2299401,magn,Camera
1777221,magn,Costume & Make-Up
4028271,magn,Costume & Make-Up
1880389,magn,Crew
999709,magn,Crew
2454695,magn,Camera
1851651,magn,Camera
1320242,magn,Camera
1552025,magn,Editing
2066594,magn,Visual Effects
1752115,magn,Crew
1399071,magn,Camera
2239489,magn,Camera
1572882,magn,Lighting
2076926,magn,Lighting
1688534,magn,Lighting
3220874,magn,Camera
1549273,magn,Costume & Make-Up
4028724,magn,Production
1866406,magn,Crew
3290363,magn,Camera
2020731,magn,Costume & Make-Up
2236476,magn,Costume & Make-Up
2477841,magn,Sound
2042610,magn,Production
1780484,magn,Lighting
1711995,magn,Editing
4028691,magn,Editing
4028699,magn,Visual Effects
999672,magn,Crew
237920,magn,Crew
1548683,magn,Crew
1809346,magn,Lighting
1691971,magn,Crew
1648168,magn,Crew
26738,magn,Crew
4028708,magn,Camera
2074022,magn,Production
2301900,magn,Costume & Make-Up
1832416,magn,Camera
1732494,magn,Production
4028713,magn,Camera
3887980,magn,Production
1586940,magn,Production
1640491,magn,Lighting
2146480,magn,Camera
1886386,magn,Lighting
70472,magn,Editing
1552188,magn,Editing
554037,magn,Production
230436,magn,Production
2171402,magn,Production
1463823,magn,Sound
1741194,magn,Sound
1821933,magn,Sound
1413169,magn,Sound
1738137,magn,Sound
1549209,magn,Sound
4028858,magn,Crew
4028855,magn,Crew
2144513,magn,Crew
2393337,magn,Crew
1931783,magn,Crew
1552019,magn,Crew
2548386,magn,Crew
2548380,magn,Crew
1564535,magn,Crew
4028868,magn,Crew
63265,magn,Production
2950396,magn,Production
4028854,magn,Crew
1552020,magn,Crew
3136534,magn,Crew
4028877,magn,Production
2214977,magn,Crew
4028883,magn,Production
4028865,magn,Crew
4028871,magn,Crew
2247856,magn,Crew
1941584,magn,Production
1377237,magn,Crew
1939955,magn,Crew
1552186,magn,Crew
2838143,magn,Crew
4028860,magn,Crew
1397737,magn,Crew
2025172,magn,Crew
1598765,magn,Production
1020050,magn,Production
91158,magn,Crew
4028861,magn,Crew
4028867,magn,Crew
4028880,magn,Crew
2299680,magn,Production
4028862,magn,Crew
1550388,magn,Camera
1401373,magn,Production
4028876,magn,Production
2983204,magn,Production
2724466,magn,Crew
2950408,magn,Crew
2235559,magn,Crew
1106260,magn,Crew
4028893,magn,Crew
95812,magn,Crew
2702666,magn,Production
4028914,magn,Crew
1714916,magn,Crew
4028889,magn,Crew
4028901,magn,Crew
1647465,magn,Crew
4028900,magn,Lighting
1754418,magn,Production
4028892,magn,Crew
1893954,magn,Crew
4028895,magn,Crew
4028909,magn,Production
4028891,magn,Crew
3258820,magn,Production
1111425,magn,Production
1436122,magn,Crew
1937492,magn,Crew
3931057,magn,Crew
212135,magn,Art
1934824,magn,Crew
4028916,magn,Crew
1299405,magn,Sound
1546442,magn,Sound
1905449,magn,Art
1050930,magn,Sound
136008,magn,Sound
930189,magn,Crew
1485588,magn,Camera
1956704,magn,Editing
5272738,magn,Crew
73421,mast,Acting
1233,mast,Acting
9273,mast,Acting
17838,mast,Acting
4784,mast,Acting
88124,mast,Acting
75330,mast,Acting
219666,mast,Acting
18916,mast,Acting
125026,mast,Acting
79196,mast,Acting
157583,mast,Acting
230060,mast,Acting
1149893,mast,Acting
60021,mast,Acting
1149894,mast,Acting
1149896,mast,Acting
158664,mast,Acting
1226302,mast,Acting
81096,mast,Acting
1355100,mast,Acting
1242110,mast,Acting
1099823,mast,Acting
100263,mast,Acting
71885,mast,Acting
37204,mast,Acting
1865065,mast,Acting
1820374,mast,Acting
128150,mast,Acting
4188212,mast,Acting
36060,mast,Acting
4188180,mast,Acting
1149895,mast,Acting
4188181,mast,Acting
4188182,mast,Acting
3148268,mast,Acting
1736599,mast,Acting
4188190,mast,Acting
4188192,mast,Acting
4188193,mast,Acting
4188194,mast,Acting
4188195,mast,Acting
3914731,mast,Acting
4188197,mast,Acting
4188198,mast,Acting
4188199,mast,Acting
4188200,mast,Acting
4188202,mast,Acting
6951,mast,Acting
2681985,mast,Acting
4092882,mast,Acting
4188207,mast,Acting
2581208,mast,Acting
4188208,mast,Acting
4188209,mast,Acting
4188211,mast,Acting
4188214,mast,Acting
1676484,mast,Acting
1505848,mast,Acting
4188217,mast,Acting
2052845,mast,Acting
204468,mast,Acting
3148115,mast,Acting
3256763,mast,Acting
1321222,mast,Acting
2035008,mast,Acting
1278381,mast,Acting
1368184,mast,Acting
3256760,mast,Acting
3256785,mast,Acting
145556,mast,Acting
1347586,mast,Acting
64027,mast,Acting
1426388,mast,Acting
4766,mast,Acting
4188223,mast,Acting
4188224,mast,Acting
4188225,mast,Acting
1038621,mast,Acting
1657837,mast,Acting
1048963,mast,Acting
2971714,mast,Acting
1568613,mast,Acting
1991205,mast,Acting
3110735,mast,Acting
1283410,mast,Acting
4762,mast,Directing
4762,mast,Writing
74333,mast,Sound
52981,mast,Camera
53683,mast,Editing
4772,mast,Production
958921,mast,Art
5632,mast,Art
21591,mast,Art
40471,mast,Costume & Make-Up
1046115,mast,Editing
1331794,mast,Crew
51302,mast,Crew
1394724,mast,Camera
12579,mast,Camera
1533037,mast,Directing
1378828,mast,Sound
1400906,mast,Sound
1400906,mast,Sound
1400906,mast,Sound
71536,mast,Sound
1235786,mast,Sound
1547309,mast,Sound
1327146,mast,Costume & Make-Up
1547313,mast,Editing
1382447,mast,Editing
1414537,mast,Costume & Make-Up
229801,mast,Costume & Make-Up
17863,mast,Sound
1547323,mast,Sound
1547330,mast,Crew
956198,mast,Crew
1547331,mast,Art
1562241,mast,Art
4762,mast,Production
1027025,mast,Production
4769,mast,Production
4770,mast,Production
1457694,mast,Costume & Make-Up
1017340,mast,Costume & Make-Up
1458085,mast,Costume & Make-Up
1865067,mast,Costume & Make-Up
1548530,mast,Costume & Make-Up
1102140,mast,Directing
1276817,mast,Art
1391383,mast,Art
1865069,mast,Art
1392237,mast,Art
1415464,mast,Sound
1865070,mast,Sound
93258,mast,Crew
1400535,mast,Camera
1435657,mast,Lighting
1549272,mast,Costume & Make-Up
1319193,mast,Costume & Make-Up
1733133,mast,Production
1556632,mast,Sound
1376899,mast,Sound
1352422,mast,Sound
1102140,mast,Production
1037985,mast,Production
4187971,mast,Camera
1986402,mast,Crew
2645839,mast,Crew
2047183,mast,Crew
1535095,mast,Crew
1838779,mast,Crew
149731,mast,Crew
579282,mast,Crew
77295,mast,Crew
2758058,mast,Crew
4025305,mast,Crew
1531529,mast,Crew
64143,mast,Crew
1531865,mast,Crew
1341763,mast,Crew
1677317,mast,Crew
1622657,mast,Crew
1531865,mast,Crew
4769,mast,Production
1125158,mast,Production
1463287,mast,Directing
1717518,mast,Camera
1485588,mast,Camera
1616395,mast,Camera
1442207,mast,Production
1125158,mast,Production
928136,mast,Production
1299194,mast,Art
4188249,mast,Art
1673973,mast,Art
2637453,mast,Art
12572,mast,Art
4188253,mast,Costume & Make-Up
4188254,mast,Costume & Make-Up
2252484,mast,Art
13142,mast,Art
1735767,mast,Art
2584008,mast,Art
2537763,mast,Art
1842266,mast,Art
2137738,mast,Art
4188266,mast,Art
3063971,mast,Art
1789913,mast,Art
12571,mast,Art
1571003,mast,Art
4188271,mast,Art
1111425,mast,Camera
1802558,mast,Sound
2099341,mast,Sound
4188274,mast,Sound
16574,mast,Crew
2045382,mast,Lighting
1595485,mast,Lighting
4188277,mast,Lighting
1648024,mast,Lighting
1129481,mast,Lighting
1594931,mast,Lighting
1991296,mast,Lighting
1432024,mast,Lighting
2306663,mast,Camera
3347588,mast,Camera
12608,mast,Camera
3063843,mast,Camera
12609,mast,Camera
2012410,mast,Camera
1549227,mast,Lighting
2907558,mast,Lighting
1463692,mast,Lighting
1551162,mast,Lighting
1867195,mast,Lighting
139293,mast,Lighting
1003244,mast,Production
1778262,mast,Production
4188291,mast,Production
2040723,mast,Production
2071755,mast,Production
1860323,mast,Directing
1203910,mast,Costume & Make-Up
4188297,mast,Costume & Make-Up
1732753,mast,Costume & Make-Up
1428841,mast,Costume & Make-Up
1578897,mast,Costume & Make-Up
2150518,mast,Costume & Make-Up
4188298,mast,Costume & Make-Up
1436195,mast,Costume & Make-Up
4188299,mast,Costume & Make-Up
2482995,mast,Costume & Make-Up
2066954,mast,Costume & Make-Up
2203349,mast,Costume & Make-Up
12621,mast,Costume & Make-Up
1457835,mast,Costume & Make-Up
1452615,mast,Costume & Make-Up
2133550,mast,Costume & Make-Up
4188302,mast,Costume & Make-Up
8163,mast,Sound
8160,mast,Sound
1571058,mast,Sound
1352421,mast,Sound
2001439,mast,Sound
1445837,mast,Sound
64449,mast,Production
1463294,mast,Directing
1406766,mast,Camera
1548640,mast,Visual Effects
1395027,mast,Visual Effects
1335881,mast,Visual Effects
1399864,mast,Crew
2155458,mast,Visual Effects
2073598,mast,Crew
6193,obaa,Acting
2228,obaa,Acting
3914706,obaa,Acting
1121,obaa,Acting
35705,obaa,Acting
964679,obaa,Acting
65829,obaa,Acting
3417,obaa,Acting
87956,obaa,Acting
239580,obaa,Acting
5585090,obaa,Acting
17770,obaa,Acting
1188193,obaa,Acting
57448,obaa,Acting
10691,obaa,Acting
1221159,obaa,Acting
1741367,obaa,Acting
1810763,obaa,Acting
1716776,obaa,Acting
5707916,obaa,Acting
5707918,obaa,Acting
44822,obaa,Acting
5714268,obaa,Acting
5707921,obaa,Acting
5707923,obaa,Acting
5707925,obaa,Acting
5707926,obaa,Acting
5707927,obaa,Acting
5707929,obaa,Acting
5707930,obaa,Acting
5707935,obaa,Acting
5707936,obaa,Acting
5560618,obaa,Acting
4188442,obaa,Acting
3416098,obaa,Acting
5707950,obaa,Acting
5707954,obaa,Acting
5708189,obaa,Acting
5708190,obaa,Acting
5708191,obaa,Acting
5708193,obaa,Acting
5714269,obaa,Acting
5708195,obaa,Acting
5708197,obaa,Acting
5708198,obaa,Acting
2025813,obaa,Acting
82125,obaa,Acting
5708204,obaa,Acting
5708205,obaa,Acting
5708206,obaa,Acting
5708207,obaa,Acting
5708213,obaa,Acting
5708215,obaa,Acting
4990479,obaa,Acting
5708218,obaa,Acting
1122560,obaa,Acting
5421118,obaa,Acting
4790349,obaa,Acting
5708220,obaa,Acting
5708221,obaa,Acting
5708222,obaa,Acting
5708223,obaa,Acting
20089,obaa,Acting
1210997,obaa,Acting
5708224,obaa,Acting
5708225,obaa,Acting
5708226,obaa,Acting
5708227,obaa,Acting
5708228,obaa,Acting
5708229,obaa,Acting
5708230,obaa,Acting
5708231,obaa,Acting
5708232,obaa,Acting
5708246,obaa,Acting
3372842,obaa,Acting
2293826,obaa,Acting
5714278,obaa,Acting
5714279,obaa,Acting
5714280,obaa,Acting
5714281,obaa,Acting
5714282,obaa,Acting
5714284,obaa,Acting
5714285,obaa,Acting
5708250,obaa,Acting
5708251,obaa,Acting
3346845,obaa,Acting
4188466,obaa,Acting
5708253,obaa,Acting
5708254,obaa,Acting
5708264,obaa,Acting
5708265,obaa,Acting
5708267,obaa,Acting
3102166,obaa,Acting
5708270,obaa,Acting
5708272,obaa,Acting
5708274,obaa,Acting
5708275,obaa,Acting
5708276,obaa,Acting
5708277,obaa,Acting
1175676,obaa,Acting
5708278,obaa,Acting
3608585,obaa,Acting
6271033,obaa,Acting
1102140,obaa,Production
4772,obaa,Production
4762,obaa,Directing
1778262,obaa,Production
1435657,obaa,Camera
74333,obaa,Sound
2012914,obaa,Art
1571003,obaa,Art
1389609,obaa,Costume & Make-Up
1643717,obaa,Art
3269201,obaa,Art
1923335,obaa,Costume & Make-Up
1391698,obaa,Crew
1457917,obaa,Crew
229811,obaa,Costume & Make-Up
1924651,obaa,Costume & Make-Up
2116862,obaa,Production
1733133,obaa,Production
1671065,obaa,Production
1125158,obaa,Production
1102140,obaa,Directing
1860323,obaa,Directing
1790033,obaa,Directing
1634415,obaa,Art
2583980,obaa,Art
2201527,obaa,Art
1341398,obaa,Art
3118555,obaa,Art
1340145,obaa,Art
1242704,obaa,Art
2097572,obaa,Art
12533,obaa,Sound
1341414,obaa,Sound
1533071,obaa,Visual Effects
4763101,obaa,Visual Effects
1357067,obaa,Costume & Make-Up
1636651,obaa,Costume & Make-Up
1323092,obaa,Costume & Make-Up
1533037,obaa,Directing
1452644,obaa,Costume & Make-Up
5094936,obaa,Costume & Make-Up
5094937,obaa,Costume & Make-Up
6446,obaa,Costume & Make-Up
3704789,obaa,Sound
5094941,obaa,Crew
5094943,obaa,Crew
1400535,obaa,Camera
3743163,obaa,Lighting
1419803,obaa,Lighting
1648024,obaa,Lighting
1995965,obaa,Lighting
1819107,obaa,Camera
1524222,obaa,Lighting
1172443,obaa,Camera
2945231,obaa,Production
2047529,obaa,Production
3054555,obaa,Art
41592,obaa,Art
968316,obaa,Crew
5320667,obaa,Production
5320669,obaa,Production
1681352,obaa,Crew
2195801,obaa,Visual Effects
1819106,obaa,Camera
2114265,obaa,Camera
2114266,obaa,Camera
1779520,obaa,Camera
4762,obaa,Writing
2244091,obaa,Costume & Make-Up
1125158,obaa,Production
2091374,obaa,Lighting
4587894,obaa,Camera
557,obaa,Costume & Make-Up
1517940,obaa,Editing
1400906,obaa,Sound
1400906,obaa,Sound
1414179,obaa,Sound
1102140,obaa,Crew
2127760,obaa,Crew
1547323,obaa,Sound
4445622,obaa,Production
4445624,obaa,Production
4445623,obaa,Production
1223649,obaa,Writing
5206166,obaa,Crew
122294,obaa,Crew
4003497,obaa,Crew
2356114,obaa,Crew
1120542,obaa,Crew
1691971,obaa,Crew
1552521,obaa,Crew
15318,obaa,Crew
81687,obaa,Crew
3198665,obaa,Crew
1853442,obaa,Crew
1696636,obaa,Crew
9556,obaa,Crew
142157,obaa,Crew
122504,obaa,Crew
1464310,obaa,Crew
1346337,obaa,Crew
1463661,obaa,Crew
1463658,obaa,Crew
1089920,obaa,Crew
179861,obaa,Crew
3421091,obaa,Crew
1455496,obaa,Crew
60536,obaa,Crew
5714302,obaa,Crew
66668,obaa,Crew
1463663,obaa,Crew
2378823,obaa,Crew
2441052,obaa,Crew
5714310,obaa,Crew
2047170,obaa,Crew
2026576,obaa,Crew
1970301,obaa,Crew
1122560,obaa,Crew
92491,obaa,Crew
3387593,obaa,Crew
1660435,obaa,Crew
186573,obaa,Crew
6328,obaa,Crew
1737945,obaa,Crew
149731,obaa,Crew
1771760,obaa,Crew
209349,obaa,Crew
147207,obaa,Crew
5714318,obaa,Crew
2770639,obaa,Crew
1375146,obaa,Crew
1240424,obaa,Crew
1862690,obaa,Crew
1635204,obaa,Crew
3562558,obaa,Crew
1589942,obaa,Crew
1175135,obaa,Crew
1538232,obaa,Crew
4070938,obaa,Crew
4256338,obaa,Crew
1746960,obaa,Crew
1387252,obaa,Crew
1391327,obaa,Crew
92499,obaa,Crew
1743025,obaa,Crew
2521250,obaa,Crew
1635210,obaa,Crew
3377115,obaa,Crew
3565668,obaa,Crew
1634438,obaa,Crew
5586848,obaa,Crew
35546,obaa,Crew
1592516,obaa,Crew
2024942,obaa,Crew
4009467,obaa,Crew
5714333,obaa,Crew
90042,obaa,Crew
2298988,obaa,Crew
1531529,obaa,Crew
5714336,obaa,Crew
1209419,obaa,Crew
134979,obaa,Crew
3186542,obaa,Crew
591769,obaa,Crew
179887,obaa,Crew
1825887,obaa,Crew
1445533,obaa,Crew
1578406,obaa,Crew
4066311,obaa,Crew
1205743,obaa,Crew
1545551,obaa,Crew
4009470,obaa,Crew
1789919,obaa,Crew
1049137,obaa,Crew
15438,obaa,Crew
3578999,obaa,Crew
1502956,obaa,Crew
1025090,obaa,Crew
2154323,obaa,Crew
1789765,obaa,Camera
1111425,obaa,Camera
2415700,obaa,Crew
1403414,obaa,Camera
1432042,obaa,Camera
2024967,obaa,Camera
1924452,obaa,Camera
3348144,obaa,Camera
1565014,obaa,Camera
5717184,obaa,Camera
4331395,obaa,Directing
2632949,obaa,Directing
5717189,obaa,Directing
1651247,obaa,Directing
2624298,obaa,Directing
1634525,obaa,Directing
1864591,obaa,Costume & Make-Up
2810459,obaa,Editing
1594923,obaa,Crew
5707954,obaa,Crew
2716457,obaa,Camera
91122,obaa,Camera
5717207,obaa,Camera
1191111,obaa,Sound
1389534,obaa,Sound
1756519,obaa,Sound
4978408,obaa,Sound
1302795,obaa,Sound
52792,obaa,Crew
3372842,obaa,Crew
4188407,obaa,Crew
4188404,obaa,Crew
4188400,obaa,Crew
4188477,obaa,Crew
5717275,obaa,Crew
5511163,obaa,Crew
2218995,obaa,Crew
5717280,obaa,Crew
5717282,obaa,Crew
1417844,obaa,Crew
2219097,obaa,Crew
5397114,obaa,Crew
30714,obaa,Crew
70306,obaa,Crew
769,obaa,Crew
971292,obaa,Crew
1771,obaa,Crew
4767,obaa,Crew
5378,obaa,Crew
1128184,obaa,Crew
1774125,obaa,Crew
3179865,obaa,Crew
1001547,obaa,Crew
4188444,obaa,Crew
5397119,obaa,Crew
4141193,obaa,Crew
5717310,obaa,Crew
5717311,obaa,Crew
5717373,obaa,Crew
5708278,obaa,Crew
5717375,obaa,Crew
5421118,obaa,Crew
4829999,obaa,Crew
5717377,obaa,Crew
2293826,obaa,Crew
122929,obaa,Crew
5717378,obaa,Crew
5717379,obaa,Crew
5717380,obaa,Crew
5717380,obaa,Crew
20228,obaa,Sound
1415142,obaa,Crew
1747978,obaa,Sound
2176989,obaa,Sound
2038593,obaa,Sound
4862731,obaa,Sound
4510875,obaa,Sound
1462844,obaa,Crew
13173,obaa,Sound
1789930,obaa,Crew
5717384,obaa,Crew
1567976,obaa,Crew
5717387,obaa,Crew
1433622,obaa,Editing
1077878,obaa,Editing
5717441,obaa,Editing
1339432,obaa,Crew
2040723,obaa,Production
1517943,obaa,Editing
1443967,obaa,Editing
5718982,obaa,Editing
3971975,obaa,Editing
1979366,obaa,Editing
2142650,obaa,Editing
74333,obaa,Sound
1547323,obaa,Sound
2953558,obaa,Sound
17863,obaa,Sound
1893964,obaa,Crew
4188473,obaa,Production
4188472,obaa,Production
5719005,obaa,Production
2582912,obaa,Production
5719031,obaa,Production
1956743,obaa,Production
5493562,obaa,Production
1840623,obaa,Production
1580463,obaa,Visual Effects
1354927,obaa,Visual Effects
5727558,obaa,Visual Effects
4863174,obaa,Visual Effects
5727561,obaa,Visual Effects
3982398,obaa,Visual Effects
5483715,obaa,Visual Effects
5163449,obaa,Visual Effects
5727564,obaa,Visual Effects
5727566,obaa,Visual Effects
5727567,obaa,Visual Effects
5727568,obaa,Visual Effects
5727574,obaa,Visual Effects
2060021,obaa,Visual Effects
5727576,obaa,Visual Effects
5727578,obaa,Visual Effects
5727579,obaa,Visual Effects
2781303,obaa,Visual Effects
2631159,obaa,Visual Effects
5727583,obaa,Visual Effects
4039846,obaa,Visual Effects
2504686,obaa,Crew
4780309,obaa,Crew
1400535,obaa,Camera
3097818,obaa,Editing
1990315,obaa,Crew
312,obaa,Crew
1236222,obaa,Production
4762,obaa,Production
2075766,obaa,Camera
2170658,obaa,Camera
1422866,obaa,Art
1852630,obaa,Art
4677088,obaa,Art
5819832,obaa,Art
1586890,obaa,Art
1355526,obaa,Art
2252484,obaa,Art
2719963,obaa,Art
3034897,obaa,Art
4005078,obaa,Art
2971588,obaa,Art
5819846,obaa,Art
5819847,obaa,Art
1599623,obaa,Art
2255921,obaa,Art
3063788,obaa,Art
3674466,obaa,Art
1842145,obaa,Art
1463343,obaa,Art
1403435,obaa,Art
1789912,obaa,Art
2781964,obaa,Art
1463377,obaa,Art
4321689,obaa,Art
1790002,obaa,Art
2253937,obaa,Art
2253937,obaa,Art
3421167,obaa,Art
2976400,obaa,Art
5819857,obaa,Art
2895114,obaa,Art
1637650,obaa,Art
3894271,obaa,Art
4845043,obaa,Art
4005080,obaa,Art
3722664,obaa,Art
2976405,obaa,Art
2258646,obaa,Art
5819871,obaa,Art
5819874,obaa,Art
5819875,obaa,Art
3600083,obaa,Art
2895113,obaa,Art
4133903,obaa,Art
3164666,obaa,Lighting
3468326,obaa,Lighting
2193904,obaa,Camera
4632438,obaa,Camera
4446125,obaa,Camera
3243189,obaa,Camera
76056,obaa,Art
1334779,obaa,Art
5819889,obaa,Crew
5493565,obaa,Crew
2676379,obaa,Crew
5493566,obaa,Crew
4062456,obaa,Crew
5819890,obaa,Crew
1636865,obaa,Costume & Make-Up
1415142,obaa,Sound
2148802,obaa,Visual Effects
3360495,obaa,Visual Effects
1464310,obaa,Crew
5954156,obaa,Lighting
1547323,obaa,Sound
1502378,obaa,Crew
4676297,obaa,Crew
1197372,obaa,Crew
13051,obaa,Crew
6044698,obaa,Crew
2049153,obaa,Costume & Make-Up
1564997,obaa,Production
2268117,obaa,Directing
6264557,obaa,Production
11856,phan,Acting
1080195,phan,Acting
72305,phan,Acting
38809,phan,Acting
18022,phan,Acting
63364,phan,Acting
538,phan,Acting
1977048,phan,Acting
1836,phan,Acting
1502446,phan,Acting
2589959,phan,Acting
1258612,phan,Acting
1985982,phan,Acting
2589961,phan,Acting
2589962,phan,Acting
2589964,phan,Acting
2589965,phan,Acting
2589966,phan,Acting
2589968,phan,Acting
1819544,phan,Acting
2589970,phan,Acting
1220056,phan,Acting
2589971,phan,Acting
2589973,phan,Acting
2477303,phan,Acting
2589974,phan,Acting
2589975,phan,Acting
2589976,phan,Acting
2589977,phan,Acting
2589978,phan,Acting
2500622,phan,Acting
1777378,phan,Acting
1985977,phan,Acting
1418542,phan,Acting
26863,phan,Acting
20806,phan,Acting
1355100,phan,Acting
2477597,phan,Acting
1186909,phan,Acting
2589983,phan,Acting
2589984,phan,Acting
2589985,phan,Acting
1985978,phan,Acting
1977051,phan,Acting
1695139,phan,Acting
1977050,phan,Acting
1674278,phan,Acting
2589987,phan,Acting
158414,phan,Acting
2589989,phan,Acting
1809625,phan,Acting
1809510,phan,Acting
2353239,phan,Acting
1264641,phan,Acting
3070438,phan,Acting
1425929,phan,Acting
2354950,phan,Acting
3070440,phan,Acting
1718377,phan,Acting
1349079,phan,Sound
1517940,phan,Editing
1027025,phan,Production
4762,phan,Directing
4762,phan,Writing
4770,phan,Production
4762,phan,Production
2071,phan,Art
1102140,phan,Production
1809,phan,Editing
939529,phan,Production
1428268,phan,Production
1384725,phan,Production
1650813,phan,Art
40471,phan,Art
1658883,phan,Costume & Make-Up
26193,phan,Art
1395713,phan,Sound
1102140,phan,Directing
1547760,phan,Production
1363080,phan,Directing
1789588,phan,Art
1789589,phan,Art
19773,phan,Art
1171004,phan,Lighting
123471,phan,Crew
32984,phan,Production
1398107,phan,Crew
1789590,phan,Art
1789592,phan,Art
1435657,phan,Lighting
1616395,phan,Camera
8939,phan,Costume & Make-Up
1789591,phan,Art
1621072,phan,Visual Effects
1640830,phan,Sound
74333,phan,Sound
11856,phan,Writing
1962717,phan,Directing
1235786,phan,Sound
1380897,phan,Sound
1976191,phan,Sound
1400906,phan,Sound
47942,phan,Costume & Make-Up
1400906,phan,Sound
16294,phan,Crew
40471,phan,Costume & Make-Up
71536,phan,Sound
1713268,phan,Art
1485588,phan,Camera
1400535,phan,Camera
2396559,phan,Directing
1435657,phan,Crew
4772,phan,Production
4769,phan,Production
2772764,phan,Costume & Make-Up
1339432,phan,Crew
2908327,phan,Crew
928136,phan,Production
2095082,phan,Crew
2669673,phan,Costume & Make-Up
2908320,phan,Costume & Make-Up
1806958,phan,Costume & Make-Up
2175223,phan,Production
2474430,phan,Production
1756237,phan,Sound
1571058,phan,Sound
2611281,phan,Camera
1829870,phan,Costume & Make-Up
2908353,phan,Production
2351115,phan,Costume & Make-Up
933105,phan,Editing
2908352,phan,Editing
1421657,phan,Camera
2684136,phan,Production
1547313,phan,Editing
2908329,phan,Crew
1640815,phan,Sound
2267832,phan,Camera
2908347,phan,Costume & Make-Up
1459862,phan,Art
2078679,phan,Art
2825426,phan,Costume & Make-Up
2908349,phan,Costume & Make-Up
1389534,phan,Sound
2908348,phan,Costume & Make-Up
2908341,phan,Lighting
1550795,phan,Camera
1572873,phan,Sound
2030398,phan,Sound
1453652,phan,Lighting
1327792,phan,Costume & Make-Up
2908354,phan,Production
2908334,phan,Art
2819125,phan,Crew
2908330,phan,Crew
1962717,phan,Production
2908361,phan,Production
17863,phan,Sound
2908360,phan,Crew
1970795,phan,Production
2559263,phan,Production
2157762,phan,Production
2908356,phan,Production
1390388,phan,Directing
3081943,phan,Sound
3736122,phan,Sound
4309088,phan,Costume & Make-Up
2785933,phan,Costume & Make-Up
2982293,phan,Costume & Make-Up
2622594,phan,Directing
1769211,phan,Crew
2162459,phan,Crew
107597,phan,Visual Effects
1568470,phan,Visual Effects
1764117,phan,Visual Effects
2527069,phan,Crew
4144629,phan,Crew
1545995,phan,Camera
1618836,phan,Sound
1547323,phan,Sound
2276231,phan,Crew
4933008,phan,Costume & Make-Up
4762,phan,Camera
19292,punc,Acting
1639,punc,Acting
1233,punc,Acting
40481,punc,Acting
25884,punc,Acting
53684,punc,Acting
177063,punc,Acting
79025,punc,Acting
554026,punc,Acting
554027,punc,Acting
54428,punc,Acting
554028,punc,Acting
162609,punc,Acting
149800,punc,Acting
554029,punc,Acting
554030,punc,Acting
554031,punc,Acting
554032,punc,Acting
554033,punc,Acting
554034,punc,Acting
554035,punc,Acting
554036,punc,Acting
554037,punc,Acting
554038,punc,Acting
554039,punc,Acting
4173974,punc,Acting
4173975,punc,Acting
4173976,punc,Acting
4173977,punc,Acting
4173978,punc,Acting
1518644,punc,Acting
237383,punc,Acting
2756424,punc,Acting
4173980,punc,Acting
4173982,punc,Acting
4173983,punc,Acting
1111427,punc,Acting
4173984,punc,Acting
2751962,punc,Acting
1689926,punc,Acting
4888299,punc,Acting
58477,punc,Acting
4173985,punc,Acting
4173986,punc,Acting
1111426,punc,Acting
4173987,punc,Acting
4173988,punc,Acting
2086204,punc,Acting
4173989,punc,Acting
3041051,punc,Acting
2623076,punc,Acting
166659,punc,Acting
126487,punc,Acting
1331643,punc,Acting
4762,punc,Directing
4762,punc,Production
4770,punc,Production
4769,punc,Production
312,punc,Sound
2950,punc,Camera
53683,punc,Editing
4772,punc,Production
21747,punc,Art
33455,punc,Art
40471,punc,Costume & Make-Up
1364400,punc,Costume & Make-Up
2209474,punc,Sound
1414177,punc,Sound
1852736,punc,Sound
11300,punc,Visual Effects
1712104,punc,Visual Effects
2269906,punc,Production
1389570,punc,Sound
1400906,punc,Sound
200465,punc,Crew
1352424,punc,Sound
16500,punc,Crew
1452614,punc,Costume & Make-Up
1846447,punc,Costume & Make-Up
4173990,punc,Costume & Make-Up
75377,punc,Costume & Make-Up
75377,punc,Costume & Make-Up
1828941,punc,Costume & Make-Up
1428582,punc,Costume & Make-Up
3258820,punc,Production
1125158,punc,Production
15004,punc,Production
1549747,punc,Directing
2252499,punc,Art
2080552,punc,Art
1846985,punc,Art
83072,punc,Art
1548678,punc,Art
1463307,punc,Art
1703013,punc,Art
2456410,punc,Art
4173998,punc,Production
1942761,punc,Art
1899362,punc,Art
2815092,punc,Art
3108827,punc,Art
1851738,punc,Art
4173999,punc,Art
83081,punc,Art
1688590,punc,Art
1533061,punc,Art
2637453,punc,Art
3821800,punc,Art
2087173,punc,Art
1300463,punc,Art
4174001,punc,Art
1905449,punc,Art
1735723,punc,Art
1745321,punc,Art
1190766,punc,Art
1394570,punc,Art
1596323,punc,Sound
2910972,punc,Sound
1549065,punc,Sound
1720291,punc,Sound
1454383,punc,Sound
89429,punc,Sound
8164,punc,Sound
4174006,punc,Sound
1976191,punc,Sound
1414886,punc,Sound
4174020,punc,Sound
75380,punc,Sound
223239,punc,Sound
2533396,punc,Crew
1610492,punc,Sound
2548343,punc,Sound
1445834,punc,Sound
1640918,punc,Sound
8159,punc,Sound
4174133,punc,Sound
138617,punc,Sound
1380479,punc,Sound
1571058,punc,Sound
1453281,punc,Sound
1116937,punc,Sound
1552882,punc,Sound
4174135,punc,Sound
1556632,punc,Sound
1400905,punc,Sound
8160,punc,Sound
8163,punc,Sound
1399103,punc,Sound
554533,punc,Sound
1548694,punc,Sound
1352424,punc,Sound
3235983,punc,Costume & Make-Up
1532749,punc,Visual Effects
15434,punc,Crew
2303225,punc,Crew
4174139,punc,Crew
10067,punc,Crew
1753324,punc,Crew
3189486,punc,Crew
4174143,punc,Crew
3239697,punc,Visual Effects
999672,punc,Crew
1552521,punc,Crew
1648168,punc,Crew
1122560,punc,Crew
33017,punc,Crew
999657,punc,Crew
179882,punc,Crew
102595,punc,Crew
1644474,punc,Crew
1638032,punc,Crew
1866406,punc,Crew
1531529,punc,Crew
166543,punc,Crew
2083233,punc,Crew
2609208,punc,Crew
4174174,punc,Camera
1548683,punc,Crew
2847541,punc,Camera
4174176,punc,Camera
2075754,punc,Camera
1737232,punc,Camera
1554369,punc,Lighting
1372884,punc,Camera
1372884,punc,Camera
4174179,punc,Lighting
3107471,punc,Camera
4138419,punc,Camera
3074582,punc,Camera
1586938,punc,Lighting
4174182,punc,Camera
2252504,punc,Camera
1395281,punc,Camera
3110836,punc,Camera
1463735,punc,Lighting
4174184,punc,Lighting
1550603,punc,Lighting
1893552,punc,Lighting
55237,punc,Camera
1648092,punc,Lighting
2098255,punc,Camera
2855494,punc,Camera
2156267,punc,Camera
4174713,punc,Camera
2058996,punc,Camera
1943015,punc,Camera
2101114,punc,Lighting
1824507,punc,Camera
4174714,punc,Camera
4174716,punc,Lighting
2561239,punc,Camera
4174718,punc,Lighting
1548672,punc,Lighting
1743732,punc,Lighting
2299114,punc,Camera
1537203,punc,Camera
2542823,punc,Camera
4174719,punc,Production
1003244,punc,Production
4174721,punc,Production
1533063,punc,Production
1341860,punc,Costume & Make-Up
1556518,punc,Costume & Make-Up
4174743,punc,Costume & Make-Up
4174746,punc,Costume & Make-Up
1549273,punc,Costume & Make-Up
1536379,punc,Costume & Make-Up
2219041,punc,Editing
3259265,punc,Editing
1552188,punc,Editing
1594650,punc,Editing
1711995,punc,Editing
1401791,punc,Editing
2172167,punc,Editing
58194,punc,Editing
1335156,punc,Editing
4174766,punc,Production
2171402,punc,Production
4174767,punc,Production
2673943,punc,Production
2699868,punc,Production
4174769,punc,Production
4174770,punc,Production
4174772,punc,Production
1237516,punc,Production
1733019,punc,Sound
1777235,punc,Sound
1393351,punc,Sound
1413169,punc,Sound
2153854,punc,Sound
1549209,punc,Sound
2838141,punc,Crew
4174777,punc,Crew
1552019,punc,Crew
4174781,punc,Crew
2563009,punc,Crew
4174782,punc,Crew
4174783,punc,Crew
4174784,punc,Crew
4174785,punc,Crew
4174786,punc,Crew
1376274,punc,Crew
1648058,punc,Crew
2237277,punc,Crew
4028861,punc,Crew
1397737,punc,Crew
2950405,punc,Crew
4174788,punc,Crew
4174789,punc,Crew
4174790,punc,Crew
3071589,punc,Crew
1614174,punc,Crew
4174793,punc,Crew
2299337,punc,Crew
1749934,punc,Crew
4028867,punc,Crew
4028868,punc,Crew
1552186,punc,Crew
2950408,punc,Crew
1435661,punc,Crew
2838143,punc,Crew
1688677,punc,Crew
77824,punc,Crew
4174796,punc,Crew
2025172,punc,Crew
2760131,punc,Crew
2443485,punc,Crew
4174799,punc,Crew
4174800,punc,Crew
2725229,punc,Crew
4174803,punc,Crew
1549355,punc,Crew
1552020,punc,Crew
4174811,punc,Crew
1777237,punc,Crew
4174815,punc,Production
4174817,punc,Production
2207139,punc,Production
2851403,punc,Production
4174820,punc,Production
1308291,punc,Production
63265,punc,Production
4174821,punc,Production
1733133,punc,Production
963298,punc,Production
4174822,punc,Production
4174824,punc,Crew
1941584,punc,Production
2302951,punc,Crew
2235559,punc,Crew
4174829,punc,Crew
4174830,punc,Crew
1728293,punc,Crew
1361927,punc,Crew
4028889,punc,Production
4174835,punc,Production
4174838,punc,Crew
1099032,punc,Production
4028893,punc,Crew
3095737,punc,Crew
212135,punc,Art
4174852,punc,Crew
4174855,punc,Crew
4174856,punc,Crew
58477,punc,Production
4174858,punc,Production
4174860,punc,Crew
4174862,punc,Production
1937492,punc,Crew
1934824,punc,Production
2157704,punc,Production
1841940,punc,Production
2442276,punc,Production
4174868,punc,Crew
4174870,punc,Crew
1399324,punc,Production
2928253,punc,Production
4174881,punc,Crew
3207277,punc,Crew
1111425,punc,Production
2195853,punc,Production
4174884,punc,Crew
4174885,punc,Crew
2642846,punc,Crew
1485588,punc,Camera
2061749,punc,Sound
91133,punc,Crew
1008052,punc,Sound
2216,punc,Sound
1378828,punc,Sound
404895,punc,Sound
1415607,punc,Art
1559552,punc,Camera
1548682,punc,Crew
1564535,punc,Crew
1994224,punc,Sound
90148,punc,Sound
1739962,punc,Editing
4769,punc,Production
1733130,punc,Directing
1436122,punc,Directing
1352983,punc,Directing
1095994,punc,Sound
1619099,punc,Lighting
1336060,punc,Production
1824569,punc,Camera
2193903,punc,Camera
1754418,punc,Production
7237,punc,Art
2231483,punc,Art
554037,punc,Production
1897888,punc,Lighting
4762,punc,Writing
11856,twbb,Acting
17142,twbb,Acting
18916,twbb,Acting
8785,twbb,Acting
52564,twbb,Acting
52565,twbb,Acting
52566,twbb,Acting
8214,twbb,Acting
53668,twbb,Acting
53669,twbb,Acting
53670,twbb,Acting
1219029,twbb,Acting
54711,twbb,Acting
30697,twbb,Acting
1505845,twbb,Acting
164652,twbb,Acting
1733285,twbb,Acting
1221159,twbb,Acting
37204,twbb,Acting
1510796,twbb,Acting
221082,twbb,Acting
4087712,twbb,Acting
4087714,twbb,Acting
4087715,twbb,Acting
4087716,twbb,Acting
4087717,twbb,Acting
4087719,twbb,Acting
4087720,twbb,Acting
4087722,twbb,Acting
4087723,twbb,Acting
4087724,twbb,Acting
4087725,twbb,Acting
4087726,twbb,Acting
4087727,twbb,Acting
4087728,twbb,Acting
4087729,twbb,Acting
4087730,twbb,Acting
4087732,twbb,Acting
4087733,twbb,Acting
4087735,twbb,Acting
4087736,twbb,Acting
4087737,twbb,Acting
4087740,twbb,Acting
4087743,twbb,Acting
4087745,twbb,Acting
4087746,twbb,Acting
4087748,twbb,Acting
4087750,twbb,Acting
4087753,twbb,Acting
4087754,twbb,Acting
4087755,twbb,Acting
60849,twbb,Acting
1658095,twbb,Acting
131426,twbb,Acting
1809,twbb,Editing
4769,twbb,Production
4772,twbb,Production
4762,twbb,Production
4770,twbb,Production
5632,twbb,Art
2950,twbb,Camera
52563,twbb,Writing
4762,twbb,Directing
2715095,twbb,Crew
40471,twbb,Costume & Make-Up
9624,twbb,Crew
1531865,twbb,Crew
8680,twbb,Art
1531362,twbb,Lighting
958921,twbb,Art
1408293,twbb,Costume & Make-Up
1324652,twbb,Camera
1177850,twbb,Camera
1341860,twbb,Costume & Make-Up
1345635,twbb,Directing
67695,twbb,Sound
17863,twbb,Sound
1329417,twbb,Costume & Make-Up
2161449,twbb,Art
1536554,twbb,Visual Effects
1394129,twbb,Sound
1576850,twbb,Costume & Make-Up
1373432,twbb,Visual Effects
1851797,twbb,Art
2689984,twbb,Art
1403458,twbb,Visual Effects
1373433,twbb,Visual Effects
1414177,twbb,Sound
1417516,twbb,Sound
1422060,twbb,Art
1552521,twbb,Crew
2484932,twbb,Costume & Make-Up
1651762,twbb,Crew
1439431,twbb,Editing
2997,twbb,Production
1125158,twbb,Production
54758,twbb,Production
1339432,twbb,Crew
1102140,twbb,Directing
1463287,twbb,Directing
34854,twbb,Crew
1395902,twbb,Lighting
91133,twbb,Crew
1412767,twbb,Costume & Make-Up
1994224,twbb,Sound
1050930,twbb,Sound
1360101,twbb,Sound
1868798,twbb,Sound
1525955,twbb,Costume & Make-Up
1227173,twbb,Sound
1546442,twbb,Sound
587803,twbb,Costume & Make-Up
137176,twbb,Costume & Make-Up
1406389,twbb,Sound
2153898,twbb,Crew
159936,twbb,Crew
1397854,twbb,Costume & Make-Up
1403388,twbb,Costume & Make-Up
1274309,twbb,Sound
2754358,twbb,Crew
2274724,twbb,Crew
1378613,twbb,Crew
1341414,twbb,Sound
1425343,twbb,Sound
1790647,twbb,Crew
1311507,twbb,Crew
90148,twbb,Sound
1447601,twbb,Sound
1606670,twbb,Crew
83372,twbb,Crew
159264,twbb,Crew
1362911,twbb,Crew
1407228,twbb,Crew
16574,twbb,Crew
1745942,twbb,Directing
1638527,twbb,Crew
1976191,twbb,Sound
4718,twbb,Crew
1463434,twbb,Crew
2268117,twbb,Directing
74333,twbb,Sound
20230,twbb,Sound
1378828,twbb,Sound
71536,twbb,Sound
3996,twbb,Sound
1400906,twbb,Sound
1299194,twbb,Production
1393339,twbb,Crew
8166,twbb,Sound
1760534,twbb,Camera
1400535,twbb,Camera
4762,twbb,Writing
1648134,twbb,Art